{
    "0": 0.7038299806796227,
    "1": 1.4148960475211332,
    "2": 1.1462150657042385
}