Label,proportion
0,47.35890481725429
2,29.071419346506524
1,23.569675836239185
