Label,proportion
0.0,47.35890481725429
2.0,29.071419346506524
1.0,23.569675836239185
