,NaiveBayes,LogisticRegression,SVM
best_params,{'alpha': 0.32203728088487305},"{'C': 1.2173252504194045, 'solver': 'liblinear'}","{'C': 5.132347525675523, 'kernel': 'rbf'}"
accuracy,0.6090322580645161,0.5987096774193549,0.5896774193548387
f1_weighted,0.5888389423116519,0.5794525413426194,0.5776237003935019
f1_per_class,[0.70642202 0.46853147 0.49489796],[0.68792711 0.47552448 0.48704663],[0.67788462 0.48684211 0.48792271]
roc_auc,0.7264005276608639,0.7192875330049162,0.7080307191700687
