,NaiveBayes,LogisticRegression,SVM
best_params,{'alpha': 0.32203728088487305},"{'C': 1.2173252504194045, 'max_iter': 1000, 'multi_class': 'multinomial', 'penalty': 'l2', 'solver': 'saga'}","{'C': 5.132347525675523, 'kernel': 'rbf'}"
accuracy,0.6090322580645161,0.5896774193548387,0.5896774193548387
f1_weighted,0.5888389423116519,0.5757487440498805,0.5776237003935019
f1_per_class,[0.70642202 0.46853147 0.49489796],[0.67852906 0.47333333 0.49140049],[0.67788462 0.48684211 0.48792271]
roc_auc,0.7264005276608639,0.7178616800214049,0.7080307191700687
