,NaiveBayes,LogisticRegression,SVM
best_params,{'alpha': 0.5},"{'C': 1, 'max_iter': 1000, 'multi_class': 'multinomial', 'penalty': 'l2', 'solver': 'lbfgs'}","{'C': 10, 'kernel': 'rbf'}"
accuracy,0.6167741935483871,0.5935483870967742,0.5935483870967742
f1_weighted,0.5934538948870072,0.5776403089462474,0.5817237043525518
f1_per_class,[0.71061453 0.47826087 0.49604222],[0.68304094 0.46938776 0.49376559],[0.6811071  0.49180328 0.49275362]
roc_auc,0.7264523501344674,0.7188149575342876,0.7081465519039405
